[{"model": "cv.journal", "pk": 1, "fields": {"title": "Scientific American", "abbreviated_title": "", "issn": "", "website": "", "primary_discipline": null, "title_no_article": "Scientific American", "other_disciplines": []}}, {"model": "cv.journal", "pk": 2, "fields": {"title": "Science", "abbreviated_title": "", "issn": "", "website": "", "primary_discipline": null, "title_no_article": "Science", "other_disciplines": []}}, {"model": "cv.award", "pk": 1, "fields": {"display": true, "extra": "", "name": "Brilliance Award", "organization": "Association for Brilliance", "date": "2010-07-01", "description": ""}}, {"model": "cv.award", "pk": 2, "fields": {"display": true, "extra": "", "name": "Luminance Award", "organization": "Luminance Guild", "date": "2015-06-15", "description": ""}}, {"model": "cv.degree", "pk": 1, "fields": {"display": true, "extra": "", "degree": "PhD", "major": null, "date_earned": "2000-05-31", "institution": "University of Somewhere", "city": "", "state": "", "country": "", "honors": null}}, {"model": "cv.degree", "pk": 2, "fields": {"display": true, "extra": "", "degree": "BA", "major": null, "date_earned": "1990-05-31", "institution": "University of Nowhere", "city": "", "state": "", "country": "", "honors": null}}, {"model": "cv.position", "pk": 1, "fields": {"display": true, "extra": "", "title": "Assistant Professor", "start_date": "2000-08-01", "end_date": "2007-07-31", "project": "", "department": "", "institution": "Happening University", "current_position": false, "primary_position": false}}, {"model": "cv.position", "pk": 2, "fields": {"display": true, "extra": "", "title": "Associate Professor", "start_date": "2007-08-01", "end_date": "2011-07-31", "project": "", "department": "", "institution": "Happening University", "current_position": false, "primary_position": false}}, {"model": "cv.position", "pk": 3, "fields": {"display": true, "extra": "", "title": "Professor", "start_date": "2011-08-01", "end_date": null, "project": "", "department": "", "institution": "Happening University", "current_position": true, "primary_position": true}}, {"model": "cv.position", "pk": 4, "fields": {"display": true, "extra": "", "title": "Visiting Scholar", "start_date": "2015-01-01", "end_date": "2015-12-31", "project": "", "department": "", "institution": "Eminent Institution", "current_position": false, "primary_position": false}}, {"model": "cv.collaborator", "pk": 1, "fields": {"first_name": "Jane", "last_name": "Doe", "middle_initial": "P", "suffix": "", "url": "", "email": "janedoe@example.com", "institution": "", "website": "", "alternate_email": ""}}, {"model": "cv.collaborator", "pk": 2, "fields": {"first_name": "Robert", "last_name": "Smith", "middle_initial": "A", "suffix": "III", "url": "", "email": "robertasmith@example.com", "institution": "", "website": "", "alternate_email": ""}}, {"model": "cv.collaborator", "pk": 3, "fields": {"first_name": "Sally", "last_name": "Roe", "middle_initial": "", "suffix": "", "url": "", "email": "sallyroe@example.com", "institution": "", "website": "", "alternate_email": ""}}, {"model": "cv.collaborator", "pk": 4, "fields": {"first_name": "Joe", "last_name": "Editorius", "middle_initial": "P.", "suffix": "", "url": "", "email": "joepeditorius@example.com", "institution": "", "website": "", "alternate_email": ""}}, {"model": "cv.article", "pk": 1, "fields": {"display": true, "extra": "", "title": "Forthcoming Article", "short_title": "Forthcoming", "slug": "forthcoming", "primary_discipline": null, "abstract": "", "status": 50, "pub_date": "2050-01-01", "submission_date": null, "is_published": true, "is_inrevision": false, "is_inprep": false, "abstract_html": "", "journal": 2, "volume": "", "issue": "", "start_page": "", "end_page": "", "series": "", "number": "", "url": "", "doi": "", "pmcid": "", "pmid": "", "other_disciplines": [], "grants": []}}, {"model": "cv.article", "pk": 2, "fields": {"display": true, "extra": "", "title": "First Published Article", "short_title": "First Article", "slug": "first-article", "primary_discipline": null, "abstract": "", "status": 60, "pub_date": "1999-01-25", "submission_date": null, "is_published": true, "is_inrevision": false, "is_inprep": false, "abstract_html": "", "journal": 1, "volume": "100", "issue": "1a", "start_page": "10", "end_page": "20", "series": "", "number": "", "url": "", "doi": "", "pmcid": "", "pmid": "", "other_disciplines": [], "grants": []}}, {"model": "cv.article", "pk": 3, "fields": {"display": true, "extra": "", "title": "Second Published Article", "short_title": "Second Article", "slug": "second-article", "primary_discipline": null, "abstract": "", "status": 60, "pub_date": "2003-07-30", "submission_date": null, "is_published": true, "is_inrevision": false, "is_inprep": false, "abstract_html": "", "journal": 1, "volume": "100", "issue": "1a", "start_page": "10", "end_page": "20", "series": "", "number": "", "url": "", "doi": "", "pmcid": "", "pmid": "", "other_disciplines": [], "grants": []}}, {"model": "cv.article", "pk": 4, "fields": {"display": true, "extra": "", "title": "Third Published Article", "short_title": "Third Article", "slug": "third-article", "primary_discipline": null, "abstract": "", "status": 60, "pub_date": "2007-10-17", "submission_date": null, "is_published": true, "is_inrevision": false, "is_inprep": false, "abstract_html": "", "journal": 1, "volume": "100", "issue": "1a", "start_page": "10", "end_page": "20", "series": "", "number": "", "url": "", "doi": "", "pmcid": "", "pmid": "", "other_disciplines": [], "grants": []}}, {"model": "cv.article", "pk": 5, "fields": {"display": true, "extra": "", "title": "Article in Preparation", "short_title": "Inprep Article", "slug": "inprep-article", "primary_discipline": null, "abstract": "", "status": 0, "pub_date": null, "submission_date": null, "is_published": false, "is_inrevision": false, "is_inprep": true, "abstract_html": "", "journal": null, "volume": "", "issue": "", "start_page": "", "end_page": "", "series": "", "number": "", "url": "", "doi": "", "pmcid": "", "pmid": "", "other_disciplines": [], "grants": []}}, {"model": "cv.article", "pk": 6, "fields": {"display": true, "extra": "", "title": "Article in Revision", "short_title": "Revision Article", "slug": "revise-article", "primary_discipline": null, "abstract": "", "status": 30, "pub_date": null, "submission_date": null, "is_published": false, "is_inrevision": true, "is_inprep": false, "abstract_html": "", "journal": null, "volume": "", "issue": "", "start_page": "", "end_page": "", "series": "", "number": "", "url": "", "doi": "", "pmcid": "", "pmid": "", "other_disciplines": [], "grants": []}}, {"model": "cv.book", "pk": 1, "fields": {"display": true, "extra": "", "title": "On the Topic of Brilliance", "short_title": "Topic of Brilliance", "slug": "topic-brilliance", "primary_discipline": null, "abstract": "", "status": 60, "pub_date": "2003-05-14", "submission_date": null, "is_published": true, "is_inrevision": false, "is_inprep": false, "abstract_html": "", "publisher": "", "place": "", "volume": null, "series": "", "series_number": "", "num_pages": null, "isbn": "", "url": "", "other_disciplines": [], "grants": []}}, {"model": "cv.book", "pk": 2, "fields": {"display": true, "extra": "", "title": "Illuminating Brilliance: Finding the Light", "short_title": "Illuminating Brilliance", "slug": "illuminating-brilliance", "primary_discipline": null, "abstract": "", "status": 50, "pub_date": "2025-01-01", "submission_date": null, "is_published": true, "is_inrevision": false, "is_inprep": false, "abstract_html": "", "publisher": "", "place": "", "volume": null, "series": "", "series_number": "", "num_pages": null, "isbn": "", "url": "", "other_disciplines": [], "grants": []}}, {"model": "cv.book", "pk": 3, "fields": {"display": true, "extra": "", "title": "First Published Book", "short_title": "First Book", "slug": "first-book", "primary_discipline": null, "abstract": "", "status": 60, "pub_date": null, "submission_date": null, "is_published": true, "is_inrevision": false, "is_inprep": false, "abstract_html": "", "publisher": "", "place": "", "volume": null, "series": "", "series_number": "", "num_pages": null, "isbn": "", "url": "", "other_disciplines": [], "grants": []}}, {"model": "cv.bookedition", "pk": 1, "fields": {"display": true, "extra": "", "book": 3, "edition": "First", "pub_date": null, "submission_date": null, "publisher": "", "place": null, "num_pages": null, "isbn": ""}}, {"model": "cv.bookedition", "pk": 2, "fields": {"display": true, "extra": "", "book": 3, "edition": "Second", "pub_date": null, "submission_date": null, "publisher": "", "place": null, "num_pages": null, "isbn": ""}}, {"model": "cv.bookedition", "pk": 3, "fields": {"display": true, "extra": "", "book": 3, "edition": "Third", "pub_date": null, "submission_date": null, "publisher": "", "place": null, "num_pages": null, "isbn": ""}}, {"model": "cv.chapter", "pk": 1, "fields": {"display": true, "extra": "", "title": "First Published Chapter", "short_title": "First Chapter", "slug": "first-chapter", "primary_discipline": null, "abstract": "", "status": 60, "pub_date": null, "submission_date": null, "is_published": true, "is_inrevision": false, "is_inprep": false, "book_title": "A Collection of Chapters", "volume": null, "volumes": null, "edition": null, "publisher": "", "place": "", "series": null, "series_number": null, "start_page": "", "end_page": "", "isbn": "", "url": "", "abstract_html": "", "other_disciplines": [], "grants": []}}, {"model": "cv.chapter", "pk": 2, "fields": {"display": true, "extra": "", "title": "Second Published Chapter", "short_title": "Second Chapter", "slug": "second-chapter", "primary_discipline": null, "abstract": "", "status": 60, "pub_date": null, "submission_date": null, "is_published": true, "is_inrevision": false, "is_inprep": false, "book_title": "A Collection of Chapters", "volume": null, "volumes": null, "edition": null, "publisher": "", "place": "", "series": null, "series_number": null, "start_page": "", "end_page": "", "isbn": "", "url": "", "abstract_html": "", "other_disciplines": [], "grants": []}}, {"model": "cv.chapter", "pk": 3, "fields": {"display": true, "extra": "", "title": "Third Published Chapter", "short_title": "Third Chapter", "slug": "third-chapter", "primary_discipline": null, "abstract": "", "status": 60, "pub_date": null, "submission_date": null, "is_published": true, "is_inrevision": false, "is_inprep": false, "book_title": "A Collection of Chapters", "volume": null, "volumes": null, "edition": null, "publisher": "", "place": "", "series": null, "series_number": null, "start_page": "", "end_page": "", "isbn": "", "url": "", "abstract_html": "", "other_disciplines": [], "grants": []}}, {"model": "cv.chapter", "pk": 4, "fields": {"display": true, "extra": "", "title": "Forthcoming Chapter", "short_title": "Forthcoming", "slug": "forthcoming", "primary_discipline": null, "abstract": "", "status": 50, "pub_date": null, "submission_date": null, "is_published": true, "is_inrevision": false, "is_inprep": false, "book_title": "A Collection of Chapters", "volume": null, "volumes": null, "edition": null, "publisher": "", "place": "", "series": null, "series_number": null, "start_page": "", "end_page": "", "isbn": "", "url": "", "abstract_html": "", "other_disciplines": [], "grants": []}}, {"model": "cv.chapter", "pk": 5, "fields": {"display": true, "extra": "", "title": "Chapter in Preparation", "short_title": "Inprep Chapter", "slug": "inprep-chapter", "primary_discipline": null, "abstract": "", "status": 0, "pub_date": null, "submission_date": null, "is_published": false, "is_inrevision": false, "is_inprep": true, "book_title": "A Collection of Chapters", "volume": null, "volumes": null, "edition": null, "publisher": "", "place": "", "series": null, "series_number": null, "start_page": "", "end_page": "", "isbn": "", "url": "", "abstract_html": "", "other_disciplines": [], "grants": []}}, {"model": "cv.chapter", "pk": 6, "fields": {"display": true, "extra": "", "title": "Chapter in Revision", "short_title": "Revision Chapter", "slug": "revise-chapter", "primary_discipline": null, "abstract": "", "status": 30, "pub_date": null, "submission_date": null, "is_published": false, "is_inrevision": true, "is_inprep": false, "book_title": "A Collection of Chapters", "volume": null, "volumes": null, "edition": null, "publisher": "", "place": "", "series": null, "series_number": null, "start_page": "", "end_page": "", "isbn": "", "url": "", "abstract_html": "", "other_disciplines": [], "grants": []}}, {"model": "cv.report", "pk": 1, "fields": {"display": true, "extra": "", "title": "First Published Report", "short_title": "First Report", "slug": "first-Report", "primary_discipline": null, "abstract": "", "status": 60, "pub_date": null, "submission_date": null, "is_published": true, "is_inrevision": false, "is_inprep": false, "report_number": null, "report_type": null, "series_title": null, "place": null, "institution": null, "pages": null, "url": "", "doi": "", "abstract_html": "", "other_disciplines": [], "grants": []}}, {"model": "cv.report", "pk": 2, "fields": {"display": true, "extra": "", "title": "First Published Report", "short_title": "First Report", "slug": "first-report", "primary_discipline": null, "abstract": "", "status": 60, "pub_date": null, "submission_date": null, "is_published": true, "is_inrevision": false, "is_inprep": false, "report_number": null, "report_type": null, "series_title": null, "place": null, "institution": null, "pages": null, "url": "", "doi": "", "abstract_html": "", "other_disciplines": [], "grants": []}}, {"model": "cv.report", "pk": 3, "fields": {"display": true, "extra": "", "title": "Second Published Report", "short_title": "Second Report", "slug": "second-report", "primary_discipline": null, "abstract": "", "status": 60, "pub_date": null, "submission_date": null, "is_published": true, "is_inrevision": false, "is_inprep": false, "report_number": null, "report_type": null, "series_title": null, "place": null, "institution": null, "pages": null, "url": "", "doi": "", "abstract_html": "", "other_disciplines": [], "grants": []}}, {"model": "cv.report", "pk": 4, "fields": {"display": true, "extra": "", "title": "Third Published Report", "short_title": "Third Report", "slug": "third-report", "primary_discipline": null, "abstract": "", "status": 60, "pub_date": null, "submission_date": null, "is_published": true, "is_inrevision": false, "is_inprep": false, "report_number": null, "report_type": null, "series_title": null, "place": null, "institution": null, "pages": null, "url": "", "doi": "", "abstract_html": "", "other_disciplines": [], "grants": []}}, {"model": "cv.report", "pk": 5, "fields": {"display": true, "extra": "", "title": "Forthcoming Report", "short_title": "Forthcoming", "slug": "forthcoming", "primary_discipline": null, "abstract": "", "status": 50, "pub_date": null, "submission_date": null, "is_published": true, "is_inrevision": false, "is_inprep": false, "report_number": null, "report_type": null, "series_title": null, "place": null, "institution": null, "pages": null, "url": "", "doi": "", "abstract_html": "", "other_disciplines": [], "grants": []}}, {"model": "cv.report", "pk": 6, "fields": {"display": true, "extra": "", "title": "Report in Preparation", "short_title": "Inprep Report", "slug": "inprep-report", "primary_discipline": null, "abstract": "", "status": 0, "pub_date": null, "submission_date": null, "is_published": false, "is_inrevision": false, "is_inprep": true, "report_number": null, "report_type": null, "series_title": null, "place": null, "institution": null, "pages": null, "url": "", "doi": "", "abstract_html": "", "other_disciplines": [], "grants": []}}, {"model": "cv.report", "pk": 7, "fields": {"display": true, "extra": "", "title": "Report in Revision", "short_title": "Revision Report", "slug": "revise-report", "primary_discipline": null, "abstract": "", "status": 30, "pub_date": null, "submission_date": null, "is_published": false, "is_inrevision": true, "is_inprep": false, "report_number": null, "report_type": null, "series_title": null, "place": null, "institution": null, "pages": null, "url": "", "doi": "", "abstract_html": "", "other_disciplines": [], "grants": []}}, {"model": "cv.articleauthorship", "pk": 1, "fields": {"collaborator": 1, "print_middle": true, "display_order": 1, "student_colleague": null, "article": 2}}, {"model": "cv.articleauthorship", "pk": 2, "fields": {"collaborator": 1, "print_middle": true, "display_order": 1, "student_colleague": null, "article": 3}}, {"model": "cv.articleauthorship", "pk": 3, "fields": {"collaborator": 1, "print_middle": true, "display_order": 1, "student_colleague": null, "article": 4}}, {"model": "cv.articleauthorship", "pk": 4, "fields": {"collaborator": 1, "print_middle": true, "display_order": 1, "student_colleague": null, "article": 5}}, {"model": "cv.articleauthorship", "pk": 5, "fields": {"collaborator": 1, "print_middle": true, "display_order": 1, "student_colleague": null, "article": 6}}, {"model": "cv.articleauthorship", "pk": 6, "fields": {"collaborator": 2, "print_middle": true, "display_order": 2, "student_colleague": null, "article": 3}}, {"model": "cv.articleauthorship", "pk": 7, "fields": {"collaborator": 2, "print_middle": true, "display_order": 2, "student_colleague": null, "article": 4}}, {"model": "cv.articleauthorship", "pk": 8, "fields": {"collaborator": 3, "print_middle": true, "display_order": 3, "student_colleague": null, "article": 4}}, {"model": "cv.articleauthorship", "pk": 9, "fields": {"collaborator": 1, "print_middle": true, "display_order": 1, "student_colleague": null, "article": 1}}, {"model": "cv.bookauthorship", "pk": 1, "fields": {"collaborator": 1, "print_middle": true, "display_order": 1, "student_colleague": null, "book": 1}}, {"model": "cv.bookauthorship", "pk": 2, "fields": {"collaborator": 1, "print_middle": true, "display_order": 1, "student_colleague": null, "book": 2}}, {"model": "cv.bookauthorship", "pk": 3, "fields": {"collaborator": 2, "print_middle": true, "display_order": 2, "student_colleague": 20, "book": 2}}, {"model": "cv.bookauthorship", "pk": 4, "fields": {"collaborator": 1, "print_middle": true, "display_order": 1, "student_colleague": null, "book": 3}}, {"model": "cv.chapterauthorship", "pk": 1, "fields": {"collaborator": 1, "print_middle": true, "display_order": 1, "student_colleague": null, "chapter": 1}}, {"model": "cv.chapterauthorship", "pk": 2, "fields": {"collaborator": 1, "print_middle": true, "display_order": 1, "student_colleague": null, "chapter": 2}}, {"model": "cv.chapterauthorship", "pk": 3, "fields": {"collaborator": 1, "print_middle": true, "display_order": 1, "student_colleague": null, "chapter": 3}}, {"model": "cv.chapterauthorship", "pk": 4, "fields": {"collaborator": 1, "print_middle": true, "display_order": 1, "student_colleague": null, "chapter": 4}}, {"model": "cv.chapterauthorship", "pk": 5, "fields": {"collaborator": 1, "print_middle": true, "display_order": 1, "student_colleague": null, "chapter": 5}}, {"model": "cv.chapterauthorship", "pk": 6, "fields": {"collaborator": 1, "print_middle": true, "display_order": 1, "student_colleague": null, "chapter": 6}}, {"model": "cv.chapterauthorship", "pk": 7, "fields": {"collaborator": 2, "print_middle": true, "display_order": 2, "student_colleague": null, "chapter": 2}}, {"model": "cv.chapterauthorship", "pk": 8, "fields": {"collaborator": 2, "print_middle": true, "display_order": 2, "student_colleague": null, "chapter": 3}}, {"model": "cv.chapterauthorship", "pk": 9, "fields": {"collaborator": 3, "print_middle": true, "display_order": 3, "student_colleague": null, "chapter": 3}}, {"model": "cv.chaptereditorship", "pk": 1, "fields": {"collaborator": 4, "print_middle": true, "display_order": 1, "chapter": 1}}, {"model": "cv.chaptereditorship", "pk": 2, "fields": {"collaborator": 4, "print_middle": true, "display_order": 1, "chapter": 3}}, {"model": "cv.chaptereditorship", "pk": 3, "fields": {"collaborator": 4, "print_middle": true, "display_order": 1, "chapter": 2}}, {"model": "cv.chaptereditorship", "pk": 4, "fields": {"collaborator": 4, "print_middle": true, "display_order": 1, "chapter": 4}}, {"model": "cv.chaptereditorship", "pk": 5, "fields": {"collaborator": 4, "print_middle": true, "display_order": 1, "chapter": 5}}, {"model": "cv.chaptereditorship", "pk": 6, "fields": {"collaborator": 4, "print_middle": true, "display_order": 1, "chapter": 6}}, {"model": "cv.reportauthorship", "pk": 1, "fields": {"collaborator": 1, "print_middle": true, "display_order": 1, "student_colleague": null, "report": 2}}, {"model": "cv.reportauthorship", "pk": 2, "fields": {"collaborator": 1, "print_middle": true, "display_order": 1, "student_colleague": null, "report": 3}}, {"model": "cv.reportauthorship", "pk": 3, "fields": {"collaborator": 1, "print_middle": true, "display_order": 1, "student_colleague": null, "report": 4}}, {"model": "cv.reportauthorship", "pk": 4, "fields": {"collaborator": 1, "print_middle": true, "display_order": 1, "student_colleague": null, "report": 5}}, {"model": "cv.reportauthorship", "pk": 5, "fields": {"collaborator": 1, "print_middle": true, "display_order": 1, "student_colleague": null, "report": 6}}, {"model": "cv.reportauthorship", "pk": 6, "fields": {"collaborator": 1, "print_middle": true, "display_order": 1, "student_colleague": null, "report": 7}}, {"model": "cv.reportauthorship", "pk": 7, "fields": {"collaborator": 2, "print_middle": true, "display_order": 2, "student_colleague": null, "report": 3}}, {"model": "cv.reportauthorship", "pk": 8, "fields": {"collaborator": 2, "print_middle": true, "display_order": 2, "student_colleague": null, "report": 4}}, {"model": "cv.reportauthorship", "pk": 9, "fields": {"collaborator": 3, "print_middle": true, "display_order": 3, "student_colleague": null, "report": 4}}]